Maybelline,"Maybelline Lifter Gloss Hydrating Lip Gloss With Hyaluronic Acid,Bronze","KSh 1,200",40%,4.7 out of 5,23
Menengai,Menengai Menengai Cream Bar Soap - 1kg,KSh 189,32%,4.7 out of 5,15 items left,2
Generic,USB Wifi Adapter Wifi Dongle 300mbps,KSh 551,58%,No rating,482 items left,No reviews
YOIVY,YOIVY Teeth Whitening Essence Tooth Whitener Remove Stains,KSh 238,21%,3.1 out of 5,67 items left,68
Efero,Efero Aloe Vera Foot Mask Exfoliating Foot Mask Soften And Moisturize,KSh 238,41%,3.9 out of 5,136 items left,(7)
SADOER,SADOER Collagen Anti Aging Face Cream Anti Wrinkles And Fine Lines,KSh 350,30%,3.7 out of 5,22 items left,11
Dettol,Dettol Dettol Multi Action Cleaner Aqua 900ml,KSh 750,No discount,5 out of 5,1 item left,(1)
Vaseline,Vaseline Petroleum Jelly Men Cool- 95ml,KSh 90,40%,4.9 out of 5,14 items left,(7)
Dettol,Dettol Dettol Multi Action Cleaner Aqua 1800ml,"KSh 1,450",No discount,No rating,2 items left,No reviews
Harpic,Harpic Harpic Bathroom Cleaner-floral 500ml,KSh 600,No discount,5 out of 5,20 items left,(4)
Bioaoua,"Bioaoua 3 in 1, Salicylic Acid Acne Treatment and Oil Control Combo, Salicylic Cleanser + Salyclic Essence + Cream (20g)",KSh 664,34%,4.6 out of 5,45 items left,(5)
Sunlight,Sunlight Sunlight Scourer Lemon 500g,KSh 73,19%,No rating,34 items left,No reviews
Samsung,"Samsung Galaxy A15, 6.5"", 128GB + 4GB RAM (Dual SIM), 5000mAh, 4G, Blue Black (2YRs WRTY)","KSh 15,999",11%,4.9 out of 5,104 items left,13
Beard Oil,Beard Oil Beard Growth Oil Fast Beard Growth Oil_Hair Growth,KSh 333,34%,4.2 out of 5,88 items left,(5)
Maybelline New York,Maybelline New York Hydrating Lifter Gloss Gummy Bear Shade,"KSh 1,200",40%,1 out of 5,9 items left,(1)
Valon,Valon Valon Petroleum Jelly Perfumed 470ml,KSh 334,38%,3.5 out of 5,6 items left,(2)
SADOER,SADOER Lavender Essential Oil 100% Pure Therapeutic Grade - 10ml,KSh 284,43%,4.2 out of 5,57 items left,14
SADOER,"SADOER 3 in 1, Retinol Skin Firming Essence + Collagen Anti Aging Cream + Collagen Anti Aging Serum , For Skin Smoothing, Fade Fine Line Antiwrinkles",KSh 799,33%,4.5 out of 5,81 items left,(2)
SADOER,SADOER Vitamin C Brightening Face Cream Moisturizer 50g,KSh 333,34%,3.6 out of 5,26 items left,16
Royco,Royco Nyama Choma Spice 50g,KSh 73,44%,5 out of 5,7 items left,(2)
Fresh Fri,Fresh Fri Fresh Fri Triple Refined Vegetable Cooking Oil - 5 Litres,"KSh 1,149",38%,4.6 out of 5,1 item left,5
Generic,Fruit Pacifier With Soft Silicone Mouth_Blue,KSh 314,37%,4.6 out of 5,25 items left,10
Oraimo,Oraimo OEP-650 Halo Airy Wired Earphone - Black,KSh 355,24%,4.2 out of 5,2 items left,21
Sony,Sony PS3 Pad Dual Shock 3 - Wireless Controller,"KSh 1,258",48%,4 out of 5,445 items left,(7)
Generic,"Self Adhesive Tape Bra + Free Nipple Covers, Breast Lifting Bra",KSh 569,43%,1 out of 5,32 items left,(1)
Generic,X 500 Wired optical Mouse,KSh 551,52%,5 out of 5,496 items left,(1)
Generic,Professional Food Wrap / Foil / Cling Cutter And Dispenser,KSh 474,32%,No rating,5 items left,No reviews
Omo,Omo Hand Washing Powder Extra Fresh 500g,KSh 169,23%,1 out of 5,37 items left,(1)
Kenyan Originals,Kenyan Originals KO Classic Can 200ml X 4,KSh 318,38%,4 out of 5,17 items left,(3)
Tusker,Tusker Tusker Cider Can - 500ml - Pack Of 6,"KSh 1,435",7%,4.6 out of 5,18 items left,39
Johnnie Walker,Johnnie Walker Johnnie Walker Black Label - 1litre,"KSh 3,899",12%,4.2 out of 5,42 items left,10
SADOER,"SADOER 2 Pieces, Kojic Acid Essence + Niacinamide Dark Spots Whitening and  Anti Freckles Combo",KSh 499,50%,4 out of 5,41 items left,(1)
Bioaoua,"Bioaoua Salicylic Acid Acne Removal Cleanser, Face Cleanser, Shrink Pores , Oil Control",KSh 299,40%,1.5 out of 5,77 items left,(2)
Dettol,Dettol Dettol Soap Herbal 125g,KSh 180,10%,5 out of 5,70 items left,(1)
Generic,Wireless 6 In 1 Controllers,"KSh 1,296",52%,No rating,496 items left,No reviews
Maybelline,"Maybelline Lifter Gloss Hydrating Lip Gloss With Hyaluronic Acid, Stone","KSh 1,200",40%,4.7 out of 5,38 items left,98
TCL,"TCL 50"" C645 QLED 4K Quantum Dot Google TV Smart TV - Black","KSh 54,999",10%,5 out of 5,1 item left,(2)
Fashion,Fashion pu leather shoulder bags,KSh 929 - KSh 930,45%,3.3 out of 5,11 items left,(3)
Dettol,Dettol Dettol Soap Skincare 125g,KSh 180,10%,No rating,79 items left,No reviews
Toni Glass,Toni Glass Toni Glass Tonic Water - Original 250ml Can Pack of 4,KSh 361,38%,No rating,20 items left,No reviews
Maybelline,"Maybelline Lifter Gloss Hydrating Lip Gloss With Hyaluronic Acid,Bronze","KSh 1,200",40%,4.7 out of 5,22 items left,23
